time,open,close,high,low,volume
1735909200000,96635.0,96484.7,96818.0,96446.3,503.72
1735912800000,96484.7,96986.2,97320.0,96482.4,1416.40
1735916400000,96987.7,97495.0,97645.2,96730.0,1386.02
1735920000000,97495.0,97838.5,98411.0,97371.2,1710.04
1735923600000,97838.7,97997.6,98263.1,97800.1,632.31
1735927200000,97997.6,98503.0,98666.0,97967.1,760.20
1735930800000,98503.2,98573.4,98959.9,98465.3,894.73
1735934400000,98573.3,98274.9,98725.6,98265.2,505.79
1735938000000,98275.8,98235.1,98397.3,98153.7,340.91
1735941600000,98236.0,98276.4,98498.0,98213.8,258.55
1735945200000,98277.0,98160.4,98348.5,98041.3,362.40
1735948800000,98160.2,97930.2,98285.7,97873.4,771.14
1735952400000,97930.4,98003.8,98086.7,97774.2,413.26
1735956000000,98003.8,98279.7,98290.3,97826.3,359.87
1735959600000,98279.7,98162.3,98279.7,98014.3,303.54
1735963200000,98162.5,97985.8,98164.8,97851.0,242.91
1735966800000,97985.8,98097.3,98172.7,97968.0,251.73
1735970400000,98097.1,98109.8,98193.7,98016.6,194.15
1735974000000,98109.8,98251.3,98314.3,98073.6,241.91
1735977600000,98251.3,97888.9,98280.0,97888.0,304.40
1735981200000,97888.1,97670.6,97988.6,97537.8,674.48
1735984800000,97670.4,97761.1,97831.1,97575.1,354.94
1735988400000,97761.1,97859.9,97902.2,97682.2,265.50
1735992000000,97860.1,97858.1,97985.0,97769.9,353.12
1735995600000,97858.0,97944.3,98039.9,97715.7,316.94
1735999200000,97944.1,98002.2,98050.3,97793.5,253.00
1736002800000,98001.8,97633.6,98135.1,97497.1,683.01
1736006400000,97633.6,97687.6,97828.0,97550.0,371.88
1736010000000,97688.4,97997.0,98027.2,97660.2,213.87
1736013600000,97997.0,97934.9,98120.0,97884.3,252.22
1736017200000,97934.8,98141.3,98344.9,97904.5,299.61
1736020800000,98141.1,98587.7,98656.2,98141.1,573.69
1736024400000,98587.9,98350.2,98772.8,98314.3,482.85
1736028000000,98350.4,98386.7,98479.7,98238.8,277.72
1736031600000,98386.9,98190.7,98404.6,98120.0,210.80
1736035200000,98190.6,98198.0,98375.0,98123.9,176.49
1736038800000,98198.5,98108.2,98299.8,98030.0,267.75
1736042400000,98108.2,98216.0,98220.0,98080.5,150.19
1736046000000,98216.0,98171.9,98220.0,98050.0,138.79
1736049600000,98171.9,98342.5,98516.6,98169.4,424.72
1736053200000,98342.5,98320.4,98488.7,98243.4,277.43
1736056800000,98319.9,98430.2,98478.4,98271.7,155.09
1736060400000,98430.2,98237.3,98445.3,98237.1,141.98
1736064000000,98237.3,97833.5,98237.3,97729.2,679.00
1736067600000,97833.6,97628.9,97920.0,97603.2,316.02
1736071200000,97628.7,97711.2,97756.3,97554.4,347.98
1736074800000,97711.1,97614.8,97807.7,97584.7,284.64
1736078400000,97615.0,97732.9,97940.0,97534.1,447.27
1736082000000,97732.9,97668.9,97999.6,97647.5,321.23
1736085600000,97668.7,97826.9,97940.0,97242.1,928.19
1736089200000,97825.5,98000.7,98250.0,97681.4,773.16
1736092800000,98002.4,98009.4,98300.0,97902.0,370.48
1736096400000,98009.6,97713.4,98056.1,97635.0,351.56
1736100000000,97713.4,97890.5,97915.0,97551.0,263.40
1736103600000,97890.3,98062.2,98102.8,97821.8,329.31
1736107200000,98062.4,98256.7,98675.6,97995.5,747.84
1736110800000,98256.7,98485.0,98513.5,98196.6,333.11
1736114400000,98485.2,98668.3,98747.0,98320.1,393.96
1736118000000,98668.2,98350.0,98843.1,98295.0,442.14
1736121600000,98350.2,98197.8,98750.0,98167.8,667.52
1736125200000,98197.8,98738.9,98809.9,97888.7,858.57
1736128800000,98738.9,98798.2,99290.9,98616.8,1488.31
1736132400000,98798.2,99014.6,99220.0,98729.9,432.17
1736136000000,99014.6,99442.1,99480.0,99013.6,716.70
1736139600000,99441.9,99587.4,99888.6,99359.8,1129.96
1736143200000,99585.6,99478.3,99755.5,99387.0,587.10
1736146800000,99478.5,99290.9,99517.2,99133.0,616.75
1736150400000,99291.1,99026.1,99613.6,98968.6,654.74
1736154000000,99026.3,98989.9,99240.0,98924.8,354.80
1736157600000,98989.7,98753.9,99057.9,98681.6,721.77
1736161200000,98753.9,99239.1,99396.4,98686.0,563.27
1736164800000,99239.1,99132.4,99695.0,99107.5,726.18
1736168400000,99132.6,99469.4,99543.2,98870.0,585.43
1736172000000,99469.6,100716.9,101284.4,98681.0,2893.36
1736175600000,100707.7,102110.2,102456.6,100454.2,3106.15
1736179200000,102111.0,102136.8,102458.6,101700.0,1766.80
1736182800000,102136.6,101805.2,102136.8,101230.0,1195.88
1736186400000,101805.0,101716.2,102032.2,101542.3,498.21
1736190000000,101718.3,101779.9,102007.5,101610.0,272.24
1736193600000,101779.7,102078.8,102300.0,101768.4,485.84
1736197200000,102079.0,101573.3,102300.3,101555.1,398.71
1736200800000,101573.7,101974.5,102061.9,101560.0,248.47
1736204400000,101974.3,102196.6,102214.5,101860.7,294.15
1736208000000,102196.4,102013.8,102723.9,101908.7,1073.17
1736211600000,102013.6,101897.4,102041.4,101662.7,440.94
1736215200000,101897.5,101645.6,101995.6,101605.9,293.89
1736218800000,101645.5,101670.6,101794.6,101477.7,356.49
1736222400000,101670.7,101633.1,101895.1,101633.0,422.15
1736226000000,101633.8,101705.2,101759.8,101543.1,278.01
1736229600000,101705.4,101781.5,101875.0,101604.4,247.79
1736233200000,101781.5,101661.2,101990.0,101619.2,382.46
1736236800000,101661.0,101887.6,101984.8,101600.0,406.29
1736240400000,101887.3,101692.9,101901.7,101622.0,296.87
1736244000000,101692.9,101381.9,101693.1,101350.6,541.07
1736247600000,101381.9,100812.7,101444.5,100462.9,1533.13
1736251200000,100812.5,100734.0,100937.0,100605.1,576.26
1736254800000,100734.0,100612.0,100935.8,100581.4,498.05
1736258400000,100612.5,99976.1,100845.6,99734.6,1712.48
1736262000000,99976.1,97917.4,100125.8,97127.0,6176.51
1736265600000,97925.7,97710.8,98325.8,97570.4,1811.85
1736269200000,97710.9,97251.8,97793.4,96550.0,2087.63
1736272800000,97253.2,96736.4,97522.0,96582.7,925.83
1736276400000,96736.4,96437.8,97177.1,96303.8,994.05
1736280000000,96438.0,96526.8,96850.4,96142.8,1057.44
1736283600000,96525.0,96472.1,97065.7,96362.9,649.36
1736287200000,96472.1,97137.3,97199.3,96374.4,434.77
1736290800000,97137.3,96924.2,97140.0,96766.4,359.40
1736294400000,96924.2,97229.9,97240.0,96670.0,546.53
1736298000000,97229.9,96876.3,97229.9,96575.7,540.84
1736301600000,96876.3,96835.0,97151.2,96745.1,450.63
1736305200000,96835.0,96511.3,96836.4,96210.0,768.84
1736308800000,96511.3,96256.2,96615.8,96059.0,659.64
1736312400000,96256.2,96464.4,96633.4,96075.3,534.92
1736316000000,96464.4,95266.2,96614.9,95243.0,1460.63
1736319600000,95266.4,95631.5,95792.0,95230.0,845.95
1736323200000,95631.3,95915.2,96100.0,95500.0,645.16
1736326800000,95915.2,95403.2,96076.0,95378.3,433.11
1736330400000,95403.2,95923.6,95972.6,95403.2,447.53
1736334000000,95923.4,95097.9,96028.5,94496.3,1470.95
1736337600000,95097.7,94861.1,95339.2,94825.0,769.80
1736341200000,94861.1,95356.7,95646.0,94861.1,882.70
1736344800000,95356.7,95266.0,95847.5,94870.0,1042.36
1736348400000,95267.6,95465.9,96050.0,94600.0,1889.91
1736352000000,95465.9,94762.2,95466.9,94528.2,738.82
1736355600000,94762.4,93980.3,94827.1,92467.0,3248.63
1736359200000,93980.3,94217.1,95086.7,93726.9,1783.47
1736362800000,94216.6,94225.4,94825.0,94025.0,941.27
1736366400000,94225.4,93953.2,94400.0,93726.3,600.13
1736370000000,93960.5,94427.1,94558.3,93582.8,547.65
1736373600000,94427.3,95258.5,95260.4,94418.5,888.39
1736377200000,95258.3,95032.8,95260.0,94865.0,418.85
1736380800000,95028.4,95121.2,95125.0,94775.5,477.47
1736384400000,95121.2,94964.2,95369.8,94949.1,693.01
1736388000000,94964.2,94751.1,95016.8,93417.5,1803.04
1736391600000,94751.2,93993.7,94775.4,93989.3,522.70
1736395200000,93993.7,94385.7,94465.8,93772.8,641.24
1736398800000,94385.7,94446.8,94549.2,94242.6,345.36
1736402400000,94446.8,94071.3,94598.2,94016.7,449.09
1736406000000,94071.3,93196.9,94280.0,93174.9,1228.52
1736409600000,93196.9,93002.7,93372.4,92713.7,1574.16
1736413200000,93002.9,93482.9,93705.3,92950.0,603.59
1736416800000,93482.7,93430.0,93631.9,93000.0,530.82
1736420400000,93430.0,93426.7,93843.2,93192.0,655.79
1736424000000,93426.9,93389.2,93650.0,93126.4,483.74
1736427600000,93389.0,91956.7,93458.1,91857.1,2202.28
1736431200000,91958.0,92831.6,92874.6,91766.0,1664.38
1736434800000,92830.0,94217.0,94550.5,92649.4,2108.47
1736438400000,94215.0,94227.2,94664.8,93818.3,1307.28
1736442000000,94227.2,92663.2,94263.1,92287.7,1417.83
1736445600000,92663.2,93000.1,93208.5,92372.7,997.36
1736449200000,93000.2,91876.5,93281.9,91867.9,973.73
1736452800000,91874.3,91873.8,92347.5,91170.8,2060.00
1736456400000,91874.0,92080.6,92466.8,91768.9,707.37
1736460000000,92080.1,92428.4,92691.7,91603.2,720.07
1736463600000,92429.7,92526.6,92663.8,92015.7,566.21
1736467200000,92526.7,92742.8,92824.1,92437.2,488.08
1736470800000,92743.0,93077.9,93134.3,92557.0,506.16
1736474400000,93078.1,93334.1,93671.1,92996.8,607.60
1736478000000,93334.1,93673.0,93700.5,93280.0,327.56
1736481600000,93673.0,93808.2,93883.0,93468.2,460.16
1736485200000,93808.2,93940.4,94223.7,93612.7,671.99
1736488800000,93940.6,94214.9,94299.0,93710.2,577.95
1736492400000,94218.6,94471.8,94965.6,94043.6,1109.79
1736496000000,94470.6,94644.7,94737.6,94356.9,479.90
1736499600000,94641.4,94753.4,94936.9,94544.1,446.39
1736503200000,94753.4,95172.6,95250.0,94718.3,529.53
1736506800000,95172.6,95041.1,95216.0,94588.5,712.35
1736510400000,95040.9,94999.2,95093.0,94690.0,505.46
1736514000000,94999.0,93526.8,95005.9,92700.9,3120.35
1736517600000,93526.8,94090.9,94643.0,93389.0,2204.00
1736521200000,94093.6,93714.6,94500.0,92200.0,3226.26
1736524800000,93714.5,93632.4,94017.1,93172.2,1548.09
1736528400000,93633.8,95775.7,95827.4,93306.6,1653.85
1736532000000,95769.6,94831.2,95769.6,94548.5,1102.32
1736535600000,94831.2,95290.3,95359.2,94375.1,631.59
1736539200000,95290.5,94649.0,95420.0,94546.9,537.83
1736542800000,94656.9,94594.4,94899.5,94571.0,350.25
1736546400000,94594.6,94746.3,94952.4,94561.1,261.54
1736550000000,94746.3,94696.2,94878.7,94626.5,228.84
1736553600000,94696.0,94573.5,94723.5,94321.2,438.77
1736557200000,94573.3,94406.0,94666.0,94184.9,265.61
1736560800000,94406.0,94389.8,94475.0,94151.8,250.94
1736564400000,94389.8,94181.7,94399.1,94077.0,243.96
1736568000000,94181.9,94038.2,94287.9,93814.8,381.55
1736571600000,94038.2,94332.6,94360.0,93986.6,283.67
1736575200000,94332.8,94178.4,94414.4,94178.2,270.61
1736578800000,94178.2,94224.2,94313.4,94119.6,226.72
1736582400000,94224.2,94050.0,94386.9,94004.4,286.35
1736586000000,94050.0,94313.3,94314.0,94015.5,260.00
1736589600000,94313.1,94463.0,94504.8,94286.0,272.98
1736593200000,94463.0,94600.0,94768.5,94427.3,447.55
1736596800000,94600.1,94524.5,94624.8,94499.1,245.82
1736600400000,94524.3,94362.7,94587.9,94308.4,315.49
1736604000000,94362.9,94585.8,94617.7,94275.6,357.31
1736607600000,94585.8,94383.7,94619.1,94342.0,189.17
1736611200000,94383.9,94426.4,94700.0,94281.0,431.16
1736614800000,94426.4,94137.1,94428.2,93957.7,558.56
1736618400000,94137.1,94249.7,94297.9,94087.6,220.15
1736622000000,94248.7,94218.1,94318.7,94043.7,176.20
1736625600000,94218.1,94576.5,94654.3,94163.3,310.36
1736629200000,94576.3,94909.0,95010.3,94541.8,617.84
1736632800000,94909.0,94565.7,94959.3,94538.7,338.86
1736636400000,94565.9,94582.2,94733.0,94514.1,256.53
1736640000000,94582.2,94428.2,94633.8,94400.7,239.09
1736643600000,94428.2,94558.3,94580.0,94280.0,274.57
1736647200000,94558.1,94603.5,94652.7,94455.8,157.97
1736650800000,94603.3,94606.5,94679.6,94383.9,218.94
1736654400000,94606.5,94552.3,94624.6,94468.4,150.91
1736658000000,94552.1,94537.5,94605.5,94464.8,107.38
1736661600000,94537.7,94340.0,94594.8,94325.3,229.96
1736665200000,94340.0,94308.0,94424.0,94242.6,308.60
1736668800000,94308.0,94153.5,94375.7,94083.0,358.58
1736672400000,94153.5,93876.5,94211.4,93674.9,812.18
1736676000000,93876.5,93980.7,94039.5,93801.9,432.15
1736679600000,93980.8,94226.4,94336.8,93978.6,595.53
1736683200000,94226.6,94309.0,94596.3,94143.1,507.51
1736686800000,94309.2,94642.3,94720.2,94271.0,620.78
1736690400000,94642.1,94788.4,94968.4,94640.4,628.66
1736694000000,94788.6,95053.4,95450.0,94653.6,1039.56
1736697600000,95054.1,95031.9,95118.6,94773.9,374.94
1736701200000,95031.7,95126.5,95248.0,94945.1,361.33
1736704800000,95119.9,94971.2,95293.2,94880.0,293.02
1736708400000,94971.0,94640.3,95043.0,94557.3,379.13
1736712000000,94640.3,94670.5,94795.2,94580.1,267.81
1736715600000,94673.2,94314.2,94708.1,94268.1,392.21
1736719200000,94314.2,93936.1,94338.1,93756.4,802.90
1736722800000,93936.1,94520.0,94548.0,93927.0,569.75
1736726400000,94519.8,95299.6,95944.0,94425.0,1881.04
1736730000000,95299.1,94191.5,95387.9,94058.4,1463.70
1736733600000,94191.6,94190.8,94481.3,93873.4,1042.71
1736737200000,94190.8,94231.4,94394.3,93939.3,515.72
1736740800000,94231.4,94474.9,94900.0,94160.6,848.96
1736744400000,94474.8,94150.1,94522.5,94028.8,577.85
1736748000000,94150.1,93612.9,94319.3,93252.0,1391.43
1736751600000,93613.1,93569.4,93928.1,93442.1,806.36
1736755200000,93569.6,93023.3,93635.1,92863.3,1101.93
1736758800000,93023.5,92832.0,93172.3,92619.4,1062.03
1736762400000,92831.8,91614.5,92868.8,91351.7,2661.03
1736766000000,91614.3,90836.6,91761.7,90814.8,2075.23
1736769600000,90836.4,90717.8,91330.0,90276.5,2222.64
1736773200000,90718.8,91096.5,91762.7,90571.4,1743.74
1736776800000,91096.3,91799.9,92270.8,89019.8,4211.37
1736780400000,91800.0,92105.1,93050.1,91540.1,2293.12
1736784000000,92105.1,91324.6,92260.0,91228.0,1404.31
1736787600000,91324.4,91956.5,92280.6,91218.5,893.78
1736791200000,91956.4,92049.5,92392.7,91568.3,710.47
1736794800000,92049.7,92282.6,92514.2,91563.6,712.57
1736798400000,92278.8,93555.6,93773.4,91873.6,988.32
1736802000000,93561.5,94179.5,94461.3,93369.2,1048.86
1736805600000,94179.5,94380.9,94707.9,94123.1,670.59
1736809200000,94380.7,94510.4,94600.7,94160.1,340.38
1736812800000,94508.0,94460.9,94858.5,94331.7,503.96
1736816400000,94460.7,94816.9,95031.5,94446.9,606.04
1736820000000,94817.1,94875.2,95277.6,94724.8,559.86
1736823600000,94875.2,94850.1,95104.0,94808.0,236.10
1736827200000,94850.1,95104.6,95138.4,94812.9,395.76
1736830800000,95104.6,94909.1,95467.3,94861.5,567.22
1736834400000,94909.1,95022.1,95022.1,94725.7,389.17
1736838000000,95014.0,94845.7,95150.9,94834.0,348.41
1736841600000,94845.9,95469.6,95806.3,94845.7,1023.03
1736845200000,95470.1,97149.1,97358.7,95436.7,1827.70
1736848800000,97149.9,96661.8,97177.5,96559.9,841.16
1736852400000,96662.0,96534.2,96674.9,96327.0,445.56
1736856000000,96534.4,95977.0,96710.0,95974.8,618.95
1736859600000,95977.9,96305.0,97244.9,95730.4,1564.04
1736863200000,96299.5,96261.1,97238.9,95979.2,1251.53
1736866800000,96263.9,96433.6,96957.0,96159.3,835.22
1736870400000,96433.6,95717.2,96433.6,95323.1,1724.49
1736874000000,95717.4,96504.1,96530.2,95551.6,685.24
1736877600000,96504.1,96746.7,96941.4,96250.0,607.69
1736881200000,96746.7,96520.8,97070.8,96447.6,531.60
1736884800000,96520.8,96475.7,96900.0,96116.5,580.72
1736888400000,96482.7,96456.5,96658.9,96277.4,291.84
1736892000000,96456.5,96655.9,96711.2,96417.7,150.76
1736895600000,96655.9,96533.5,96765.8,96463.6,243.26
1736899200000,96533.3,96865.3,97323.1,96465.4,780.67
1736902800000,96865.1,97315.5,97544.6,96763.9,815.78
1736906400000,97315.7,96800.1,97424.9,96709.7,609.71
1736910000000,96800.9,97300.8,97309.6,96720.4,388.48
1736913600000,97300.8,97164.6,97699.3,97037.5,893.39
1736917200000,97164.4,97007.9,97223.2,96720.9,574.51
1736920800000,97008.1,97081.1,97120.0,96831.5,271.25
1736924400000,97081.3,97280.0,97568.0,97081.1,732.82
1736928000000,97280.0,97180.0,97510.1,97129.2,405.43
1736931600000,97180.2,96799.5,97339.6,96738.1,733.07
1736935200000,96796.4,96913.1,97117.0,96710.0,378.17
1736938800000,96912.9,96744.9,96922.9,96513.0,568.88
1736942400000,96745.1,96916.7,97181.3,96518.7,586.10
1736946000000,96916.7,98899.0,98999.2,96823.6,3207.95
1736949600000,98899.9,99405.6,99480.0,98579.9,2242.34
1736953200000,99405.8,98962.8,99782.0,98956.0,1664.36
1736956800000,98962.6,98975.8,99460.5,98865.0,970.80
1736960400000,98976.0,98615.7,99310.3,98572.7,553.74
1736964000000,98615.6,99417.2,99426.4,98615.6,574.17
1736967600000,99417.2,99821.8,99976.4,99255.7,960.49
1736971200000,99821.8,99540.1,100670.2,99418.1,1801.25
1736974800000,99540.1,99642.1,99823.7,99442.4,349.80
1736978400000,99642.1,99690.2,99817.8,99525.1,293.02
1736982000000,99690.2,100478.5,100500.0,99591.0,566.52
1736985600000,100478.5,99852.1,100865.9,99635.2,1413.95
1736989200000,99852.3,100059.0,100175.0,99790.9,444.66
1736992800000,100059.0,99607.1,100100.0,99454.3,489.27
1736996400000,99608.0,99453.6,99819.9,99142.8,600.67
1737000000000,99453.6,99597.7,99680.0,99453.6,201.24
1737003600000,99597.5,99368.7,99606.9,99335.2,263.91
1737007200000,99368.5,99774.8,99888.0,99305.2,472.76
1737010800000,99775.0,99784.9,99828.5,99618.9,213.28
1737014400000,99784.1,98939.4,99810.0,98612.0,1051.00
1737018000000,98939.4,99136.2,99300.0,98630.0,683.31
1737021600000,99136.2,99185.3,99400.0,99088.6,264.75
1737025200000,99185.3,99134.6,99315.9,98705.0,553.28
1737028800000,99134.8,99357.5,99501.8,98863.6,539.45
1737032400000,99357.3,99053.5,99402.4,98753.9,918.74
1737036000000,99053.5,97598.5,99375.0,97478.8,1992.11
1737039600000,97598.7,99273.4,99281.1,97313.6,1913.99
1737043200000,99270.6,99328.2,99861.7,99045.5,1667.23
1737046800000,99325.3,99800.7,100343.3,99157.6,1053.64
1737050400000,99800.7,99547.6,100043.7,99224.2,492.58
1737054000000,99547.4,100391.9,100423.8,99372.0,630.80
1737057600000,100391.7,100300.0,100617.9,100234.8,651.82
1737061200000,100315.9,100120.8,100351.4,99688.0,565.50
1737064800000,100120.8,99797.3,100126.0,99355.8,382.45
1737068400000,99797.1,99961.0,100085.0,99705.3,357.63
1737072000000,99961.0,100106.8,100423.6,99923.9,381.77
1737075600000,100107.5,101653.5,101836.7,100020.1,1600.68
1737079200000,101653.7,101082.4,102150.0,100763.7,1360.00
1737082800000,101082.4,101029.9,101254.7,100918.6,333.62
1737086400000,101029.7,101449.4,101473.1,100924.6,522.78
1737090000000,101447.7,101322.3,101747.6,101303.0,600.78
1737093600000,101322.3,101390.2,101588.5,101284.5,268.75
1737097200000,101390.4,101422.6,101869.1,101380.0,494.96
1737100800000,101422.6,102106.0,102199.0,101422.4,864.55
1737104400000,102105.9,101833.3,102279.5,101720.6,673.39
1737108000000,101833.1,102315.6,102580.0,101768.6,713.16
1737111600000,102315.6,102204.4,102436.9,102070.0,326.04
1737115200000,102206.1,102724.8,102957.5,102166.3,848.96
1737118800000,102724.9,102450.7,102960.8,102390.7,685.38
1737122400000,102450.6,103350.0,103350.0,102238.7,1571.58
1737126000000,103350.0,103966.9,104215.0,103257.4,2264.29
1737129600000,103966.9,104951.1,104996.7,103805.6,1585.28
1737133200000,104955.5,104099.8,105276.2,103991.8,1427.01
1737136800000,104100.0,104807.2,104899.9,104014.3,638.53
1737140400000,104807.0,105786.8,105800.0,104650.4,1264.42
1737144000000,105786.8,104663.8,105800.0,104502.8,944.68
1737147600000,104663.5,104575.9,105020.2,104430.6,628.39
1737151200000,104573.2,104389.1,104670.2,104175.1,413.73
1737154800000,104388.9,104063.7,104500.0,104054.5,286.94
1737158400000,104063.9,104631.6,104645.5,104053.0,392.08
1737162000000,104631.4,104240.1,104631.6,104078.9,363.80
1737165600000,104240.3,104303.7,104483.5,104216.8,153.25
1737169200000,104303.9,103545.0,104448.3,103023.2,1108.09
1737172800000,103544.8,103576.4,103690.9,102652.6,1080.61
1737176400000,103576.4,102800.3,103745.8,102791.0,657.53
1737180000000,102800.1,103424.3,103615.1,102792.8,672.09
1737183600000,103424.3,102800.1,103483.8,102578.8,596.24
1737187200000,102800.2,103251.0,103316.8,102259.6,866.76
1737190800000,103250.8,103142.7,103439.6,103022.5,395.23
1737194400000,103142.5,103160.0,103276.3,102815.9,489.33
1737198000000,103159.8,103559.9,103863.9,102913.5,518.42
1737201600000,103559.9,103421.5,104012.4,103340.5,488.22
1737205200000,103421.4,104333.7,104385.1,103113.0,687.56
1737208800000,104333.5,103954.3,104537.5,103707.1,820.46
1737212400000,103954.5,104531.4,104973.4,103725.9,787.09
1737216000000,104531.4,103220.9,104695.4,103117.1,1046.00
1737219600000,103221.1,103793.5,104211.3,103220.9,502.59
1737223200000,103791.0,104065.6,104386.9,103763.7,371.79
1737226800000,104065.6,104376.1,104476.9,104036.5,185.60
1737230400000,104376.1,104011.8,104490.3,103759.3,345.30
1737234000000,104011.8,103872.0,104254.5,103867.6,239.65
1737237600000,103871.6,104279.4,104307.0,103844.5,166.65
1737241200000,104279.4,104534.9,104745.0,104279.3,369.40
1737244800000,104535.1,104100.6,104537.6,104091.6,283.29
1737248400000,104100.6,104471.8,104669.4,103991.0,311.27
1737252000000,104472.0,104855.7,105450.0,104467.0,765.07
1737255600000,104855.7,104968.2,105170.6,104524.1,399.39
1737259200000,104968.2,105019.9,105240.0,104656.9,459.00
1737262800000,105019.9,105108.1,105121.2,104250.0,505.60
1737266400000,105108.1,105553.5,105627.7,105002.9,494.64
1737270000000,105553.7,105163.6,105586.6,104955.8,448.65
1737273600000,105163.6,104421.9,105164.1,104316.8,681.77
1737277200000,104421.7,105301.5,105460.2,103454.9,1496.47
1737280800000,105296.3,104824.4,105307.1,104400.0,732.01
1737284400000,104826.0,104357.7,105349.9,104192.5,662.41
1737288000000,104357.9,104930.4,105043.5,104294.1,746.18
1737291600000,104930.6,104959.8,105316.5,104859.5,552.75
1737295200000,104960.0,105146.6,105722.3,104781.9,965.93
1737298800000,105146.4,104933.5,105230.0,104500.0,650.54
1737302400000,104933.5,104940.1,105220.0,104707.0,272.84
1737306000000,104940.3,105126.6,105150.0,104510.5,326.68
1737309600000,105126.6,105032.1,105265.0,104895.7,231.00
1737313200000,105032.1,106246.8,106265.2,104966.7,710.60
1737316800000,106246.8,106302.7,106470.9,105506.0,872.15
1737320400000,106302.5,103692.7,106399.9,103688.2,1485.94
1737324000000,103691.0,103394.9,104515.7,101050.7,2596.75
1737327600000,103394.9,101306.8,103395.0,99652.3,3960.65
1737331200000,101318.3,99779.1,101666.8,99504.5,2137.46
1737334800000,99779.2,100676.3,100963.5,99612.5,1308.75
1737338400000,100681.1,101909.2,102317.6,100587.6,1198.23
1737342000000,101928.1,101892.8,102211.4,101408.5,595.37
1737345600000,101889.7,102212.3,102808.0,101532.3,831.17
1737349200000,102212.3,102346.4,102828.7,102106.6,563.30
1737352800000,102346.4,107581.4,109952.8,102223.8,3231.96
1737356400000,107602.1,107179.5,109556.1,106988.6,2626.12
1737360000000,107191.3,108351.5,108430.2,107169.1,744.90
1737363600000,108351.8,108176.9,109236.1,107593.8,985.32
1737367200000,108176.7,108010.5,108781.1,107818.3,554.88
1737370800000,108005.9,108273.0,108594.5,107827.7,646.00
1737374400000,108272.8,106948.0,108750.0,105535.1,2857.60
1737378000000,106947.8,108001.9,108167.1,106678.1,1126.34
1737381600000,108001.7,107922.6,108177.1,107328.2,645.45
1737385200000,107912.1,104973.5,108040.0,104515.4,1791.26
1737388800000,104984.5,106689.9,107072.8,103750.6,2118.21
1737392400000,106685.4,102913.0,106792.5,100558.4,5732.54
1737396000000,102943.6,103916.3,104469.0,102700.2,1031.73
1737399600000,103920.5,103685.4,103960.0,102740.2,653.63
1737403200000,103685.4,103639.3,104328.4,103343.0,506.40
1737406800000,103639.5,102600.9,104074.9,102565.0,587.89
1737410400000,102601.7,103579.7,103816.6,101842.9,664.68
1737414000000,103585.7,102258.6,103685.7,101723.4,797.95
1737417600000,102258.6,101188.2,102674.0,101099.0,945.22
1737421200000,101188.2,101492.6,102224.7,100125.1,1256.86
1737424800000,101487.8,102534.0,102754.8,101054.8,662.21
1737428400000,102533.8,102921.3,103250.0,102289.7,494.31
1737432000000,102921.3,102331.3,102965.1,101914.9,552.12
1737435600000,102331.1,101361.0,102518.7,101341.4,497.62
1737439200000,101369.3,102161.6,102176.7,101107.4,538.92
1737442800000,102167.9,101979.7,102468.1,101806.4,425.02
1737446400000,101979.7,102441.7,102492.0,101727.8,425.21
1737450000000,102441.7,102687.4,102883.3,102051.2,444.84
1737453600000,102687.2,103151.1,103360.9,102554.1,429.70
1737457200000,103151.1,103743.5,103970.2,103075.7,643.88
1737460800000,103743.5,104487.9,104711.9,103602.2,738.23
1737464400000,104489.3,104447.8,104966.3,104125.0,720.47
1737468000000,104447.6,103273.7,105311.0,103020.9,1957.72
1737471600000,103273.4,103938.3,104094.0,102801.0,1119.18
1737475200000,103938.3,104972.5,106553.3,103800.0,2089.65
1737478800000,104972.5,106165.6,106400.0,104890.1,831.32
1737482400000,106165.8,106858.9,107244.0,105880.8,1023.02
1737486000000,106859.1,107016.1,107153.8,106275.6,628.70
1737489600000,107016.1,106113.4,107194.0,105915.0,697.60
1737493200000,106114.2,106761.2,106809.3,105741.1,500.94
1737496800000,106760.7,105982.5,106763.1,105956.1,293.17
1737500400000,105982.7,106136.6,106284.7,105410.0,495.53
1737504000000,106136.6,105937.0,106317.3,105781.0,418.74
1737507600000,105937.0,105793.6,106399.9,105443.5,572.47
1737511200000,105793.3,105578.5,106200.0,105547.3,325.64
1737514800000,105578.4,105593.6,105906.3,105574.8,217.37
1737518400000,105593.6,105571.9,105819.9,105270.7,332.45
1737522000000,105569.5,105689.2,105862.7,105481.3,342.58
1737525600000,105689.2,105374.8,105949.9,105167.0,555.76
1737529200000,105374.8,105080.1,105673.0,105038.8,462.09
1737532800000,105080.0,105260.3,105348.5,104682.8,805.56
1737536400000,105260.1,104983.8,105262.6,104901.2,321.19
1737540000000,104983.6,105120.5,105154.9,104616.5,416.87
1737543600000,105117.2,105099.8,105463.5,104750.0,570.60
1737547200000,105105.7,105261.2,105571.8,105056.7,522.75
1737550800000,105257.7,104066.6,105350.6,103800.9,1285.73
1737554400000,104064.0,104369.9,104921.4,103626.6,1646.65
1737558000000,104369.8,104158.5,105141.0,103949.6,1196.28
1737561600000,104158.3,103684.8,104199.4,103320.2,1283.82
1737565200000,103685.0,104321.8,104587.1,103646.5,804.18
1737568800000,104321.8,103878.1,104674.7,103730.2,579.40
1737572400000,103878.1,104613.1,104739.2,103832.7,566.98
1737576000000,104612.9,104288.0,104817.8,104054.7,577.80
1737579600000,104288.0,104067.4,104344.9,103579.5,452.17
1737583200000,104061.7,103846.6,104489.1,103751.7,410.66
1737586800000,103846.6,103684.5,104120.0,103625.5,378.26
1737590400000,103684.3,103282.9,103792.5,103037.5,769.92
1737594000000,103284.4,102925.7,103650.2,102568.0,875.30
1737597600000,102925.7,102631.3,102981.5,102101.0,1147.48
1737601200000,102631.1,102421.0,102960.6,102160.3,680.47
1737604800000,102420.9,102036.1,102466.7,101564.8,1042.05
1737608400000,102037.6,102508.3,102615.7,101957.2,654.73
1737612000000,102508.3,102239.9,102948.7,102197.6,647.81
1737615600000,102239.9,102675.9,102757.8,102066.0,572.92
1737619200000,102675.9,102189.0,102678.8,102019.2,580.94
1737622800000,102189.0,101651.4,102460.2,101625.0,607.11
1737626400000,101651.4,101662.7,102057.7,101230.6,1044.01
1737630000000,101662.9,101915.1,102175.9,101660.7,499.66
1737633600000,101915.0,101617.4,102113.3,101389.8,700.76
1737637200000,101617.2,102486.1,102684.7,101302.9,1120.22
1737640800000,102486.1,105167.4,106045.6,101960.5,4311.34
1737644400000,105170.0,105198.4,105771.1,102637.2,5939.41
1737648000000,105200.0,105125.7,106850.6,105008.6,3476.19
1737651600000,105125.6,105916.0,106221.0,104200.0,1636.61
1737655200000,105918.6,105399.6,106145.8,105069.5,1090.73
1737658800000,105399.6,103739.1,105489.8,103359.2,1114.17
1737662400000,103734.7,103246.6,106379.9,102555.0,5203.38
1737666000000,103232.6,103027.9,103357.0,102173.4,1312.67
1737669600000,103032.4,103957.3,104686.7,102948.7,1098.03
1737673200000,103957.3,103884.1,104507.1,103752.0,1479.64
1737676800000,103883.9,103434.1,104136.6,103398.7,455.20
1737680400000,103434.1,103198.0,103871.5,103041.2,520.39
1737684000000,103198.0,102999.1,103503.3,102927.2,390.90
1737687600000,102999.0,103856.3,104265.5,102711.6,761.93
1737691200000,103856.5,104590.1,104904.1,103766.8,724.71
1737694800000,104588.9,105191.5,105246.7,104508.3,520.62
1737698400000,105191.3,104968.4,105326.0,104603.2,363.89
1737702000000,104968.2,105016.8,105162.8,104640.0,309.85
1737705600000,105017.0,105476.4,105629.6,104893.6,589.28
1737709200000,105470.2,105126.8,105745.3,105035.7,353.19
1737712800000,105126.8,105390.8,105422.2,105021.9,369.73
1737716400000,105390.8,105390.1,105513.9,105199.0,185.87
1737720000000,105390.3,105507.2,105583.8,105151.8,299.92
1737723600000,105507.2,105088.0,105782.5,104956.8,658.91
1737727200000,105088.0,105737.2,106320.0,104637.6,1242.39
1737730800000,105737.2,105839.2,105981.4,105225.4,648.65
1737734400000,105838.8,105626.9,106164.4,105551.3,524.93
1737738000000,105623.8,106435.1,106680.2,105594.1,701.94
1737741600000,106435.1,106316.9,107109.9,106064.6,856.13
1737745200000,106316.9,105744.6,106598.0,105661.0,548.45
1737748800000,105744.6,104815.2,105758.8,104700.0,875.67
1737752400000,104825.6,105091.8,105359.9,104825.6,502.49
1737756000000,105092.0,104738.3,105452.0,104671.4,305.10
1737759600000,104741.5,104825.7,104895.7,104424.6,544.33
1737763200000,104825.7,104400.0,104827.2,104329.7,447.55
1737766800000,104400.2,104702.2,104800.0,104357.1,321.26
1737770400000,104702.2,104536.2,104815.0,104437.4,226.26
1737774000000,104536.2,105172.7,105249.8,104425.5,471.46
1737777600000,105172.7,104631.5,105172.8,104582.1,284.16
1737781200000,104631.3,104329.1,104678.4,104219.6,425.29
1737784800000,104329.3,104281.5,104445.7,104190.6,301.10
1737788400000,104281.5,104359.3,104495.0,104253.1,204.62
1737792000000,104359.3,104317.8,104466.5,104090.1,306.97
1737795600000,104317.7,104333.0,104425.2,104237.5,135.34
1737799200000,104333.0,104495.3,104633.8,104066.0,393.52
1737802800000,104495.5,104640.3,104668.1,104353.4,311.86
1737806400000,104640.5,104708.7,104766.2,104423.5,285.08
1737810000000,104708.8,104679.7,104830.9,104592.0,340.89
1737813600000,104679.7,104563.3,104696.8,104433.5,208.77
1737817200000,104563.5,104862.9,105094.0,104563.3,514.37
1737820800000,104862.9,104630.6,104952.0,104539.0,315.47
1737824400000,104630.8,104862.0,104895.1,104413.8,351.62
1737828000000,104862.2,104957.1,105276.2,104800.0,453.05
1737831600000,104957.1,105017.3,105157.1,104871.8,203.53
1737835200000,105017.3,104938.1,105162.4,104934.7,140.92
1737838800000,104938.1,105078.1,105107.9,104837.3,243.91
1737842400000,105078.1,105051.0,105237.3,104984.3,189.87
1737846000000,105051.0,104723.4,105100.0,104662.2,302.44
1737849600000,104723.6,104586.4,104839.4,104500.0,245.49
1737853200000,104586.4,104594.6,104757.9,104500.0,189.90
1737856800000,104594.6,104661.0,104697.7,104495.7,151.76
1737860400000,104661.0,105043.6,105219.3,104654.9,516.18
1737864000000,105043.6,105152.8,105484.8,104952.0,464.48
1737867600000,105153.1,105072.4,105180.8,104995.0,152.73
1737871200000,105072.4,104978.3,105098.1,104937.0,121.87
1737874800000,104978.3,104978.1,105087.9,104914.5,125.65
1737878400000,104978.1,105007.5,105214.8,104837.3,295.20
1737882000000,105007.3,104598.5,105011.0,104402.0,684.47
1737885600000,104598.5,104690.0,104692.0,104453.9,296.91
1737889200000,104690.1,104790.0,104832.4,104632.2,237.58
1737892800000,104790.0,104871.8,104872.6,104666.5,224.38
1737896400000,104871.8,104936.2,105036.8,104806.1,371.80
1737900000000,104936.4,104916.2,104986.9,104770.0,172.94
1737903600000,104916.0,104948.2,105068.7,104850.9,285.86
1737907200000,104948.0,104909.6,105016.4,104872.7,155.04
1737910800000,104909.6,104922.9,105026.9,104890.0,121.12
1737914400000,104922.9,105159.1,105250.0,104884.6,365.93
1737918000000,105159.1,105066.7,105233.0,105018.2,133.01
1737921600000,105066.7,104942.3,105197.0,104907.6,186.22
1737925200000,104942.5,104525.6,104974.7,104525.6,445.32
1737928800000,104525.6,104305.8,104689.6,104266.0,726.61
1737932400000,104306.0,102575.2,104306.0,102475.5,2682.72
1737936000000,102575.2,101690.7,103232.6,101545.4,1942.71
1737939600000,101693.9,101259.7,102031.8,101116.0,1585.31
1737943200000,101259.7,100957.6,101653.6,100802.8,1383.57
1737946800000,100957.6,101357.0,101823.1,100670.3,927.17
1737950400000,101357.2,100378.1,101361.8,100238.2,1224.03
1737954000000,100378.1,100334.0,100699.9,99686.8,1223.47
1737957600000,100334.2,98924.7,100458.0,98664.2,1960.18
1737961200000,98925.1,99002.9,99370.5,97720.0,2462.44
1737964800000,99002.9,98996.5,99322.4,98657.9,874.69
1737968400000,98996.3,99384.8,99499.0,98755.2,643.84
1737972000000,99385.0,98364.7,99415.0,98246.1,697.74
1737975600000,98364.5,98716.8,99334.7,98300.1,862.48
1737979200000,98716.6,100586.4,100872.3,98682.4,1282.99
1737982800000,100586.4,100460.9,101620.0,99981.6,2236.10
1737986400000,100460.9,101883.7,102264.7,100073.9,1718.01
1737990000000,101879.4,101078.2,102081.7,100825.0,1321.49
1737993600000,101078.4,99713.7,101220.2,99527.9,1418.33
1737997200000,99713.7,99127.5,100025.7,99032.0,1177.78
1738000800000,99127.5,99163.0,99734.0,98818.2,575.44
1738004400000,99163.0,99669.1,99930.4,99152.4,529.26
1738008000000,99669.1,101366.9,101724.9,99567.0,798.23
1738011600000,101366.8,101319.2,102407.9,100927.5,1116.16
1738015200000,101319.0,101598.3,101916.5,101236.4,372.30
1738018800000,101598.1,102040.5,102141.5,101598.1,420.79
1738022400000,102040.3,101827.6,102862.0,101740.9,789.66
1738026000000,101827.4,101362.2,101968.5,101355.0,373.98
1738029600000,101359.6,102367.7,102413.8,101278.1,595.29
1738033200000,102366.0,102605.7,102865.0,102003.5,521.92
1738036800000,102605.9,102879.9,103338.4,102568.1,634.06
1738040400000,102879.9,102982.9,103306.8,102788.0,487.41
1738044000000,102983.1,102716.5,103176.1,102587.8,354.72
1738047600000,102716.5,102765.3,103301.7,102493.5,504.15
1738051200000,102767.8,102822.2,103004.9,102575.7,356.38
1738054800000,102822.0,102938.6,102941.5,102362.3,409.62
1738058400000,102938.6,102721.3,103165.0,102570.0,403.58
1738062000000,102722.6,102732.3,102900.0,102534.0,229.62
1738065600000,102732.1,102571.0,102960.0,102449.0,381.20
1738069200000,102570.8,102567.0,102913.5,102442.0,422.13
1738072800000,102567.0,102611.7,102874.2,101778.8,1536.67
1738076400000,102611.9,102738.3,103794.3,102463.2,1590.86
1738080000000,102738.3,102225.5,102882.0,101895.4,977.45
1738083600000,102225.5,102537.7,103072.9,102182.6,821.86
1738087200000,102537.9,102169.6,103088.8,102124.6,825.84
1738090800000,102169.4,102390.1,102635.4,101778.6,726.01
1738094400000,102388.4,101234.1,102508.4,101203.2,867.70
1738098000000,101234.1,100300.4,101500.0,100240.8,955.65
1738101600000,100300.4,101236.5,101374.7,100250.0,789.68
1738105200000,101236.7,101300.3,101418.8,100712.0,427.74
1738108800000,101300.3,101667.5,101784.6,101290.0,471.81
1738112400000,101667.7,101809.7,101966.1,101428.9,328.83
1738116000000,101809.1,101760.7,102282.0,101670.0,375.78
1738119600000,101760.9,102004.4,102137.7,101740.6,324.11
1738123200000,102004.4,101974.2,102163.8,101927.6,199.49
1738126800000,101972.1,102234.9,102365.1,101953.6,279.29
1738130400000,102234.9,102780.0,102821.1,102206.1,546.38
1738134000000,102779.9,102727.5,102780.0,102430.1,417.26
1738137600000,102727.3,102717.4,103031.3,102648.0,526.55
1738141200000,102716.3,102310.7,102759.0,102282.2,454.98
1738144800000,102311.4,102519.0,102708.1,102190.0,409.57
1738148400000,102520.3,102607.0,102783.9,102384.3,253.04
1738152000000,102607.0,102215.8,102793.1,102193.9,489.34
1738155600000,102215.8,101807.8,102317.4,101674.3,884.47
1738159200000,101807.8,102001.6,102356.8,101545.2,928.37
1738162800000,102020.0,101946.8,102504.0,101754.3,650.42
1738166400000,101946.6,102066.8,102140.1,101648.3,623.02
1738170000000,102066.8,102383.3,102759.0,101975.8,724.75
1738173600000,102383.5,102817.9,102980.0,101970.1,1034.96
1738177200000,102817.5,103567.2,103999.0,101370.9,3885.17
1738180800000,103567.5,104183.5,104761.1,102834.1,2296.21
1738184400000,104171.5,103706.7,104378.5,103686.6,937.53
1738188000000,103703.3,103458.1,104001.3,103366.4,485.95
1738191600000,103458.1,103715.1,104324.0,103431.0,438.80
1738195200000,103715.3,104004.9,104111.9,103256.9,455.76
1738198800000,104004.9,104245.4,104536.1,103893.0,393.99
1738202400000,104245.6,104658.4,104664.3,103959.2,378.45
1738206000000,104659.9,105176.5,105300.0,104478.4,717.60
1738209600000,105172.2,105461.2,105584.0,104834.6,615.87
1738213200000,105461.2,105365.1,105506.7,105025.2,498.79
1738216800000,105365.1,105166.1,105555.7,105140.7,380.05
1738220400000,105166.3,105112.7,105329.1,104793.3,455.44
1738224000000,105112.7,105040.1,105323.6,104911.0,303.98
1738227600000,105040.3,105400.1,105537.8,104987.1,364.97
1738231200000,105402.6,105324.6,105402.6,105093.1,261.17
1738234800000,105324.4,105290.3,105380.0,105045.3,249.86
1738238400000,105290.3,105000.0,105302.5,104845.2,307.10
1738242000000,105002.2,104859.9,105335.5,104821.0,568.68
1738245600000,104855.6,105897.3,106193.0,104633.8,1555.94
1738249200000,105894.2,105533.4,106420.9,105371.2,1236.26
1738252800000,105533.4,105671.3,105971.6,105432.0,405.67
1738256400000,105671.3,105259.5,105671.3,104888.0,679.46
1738260000000,105261.7,105541.5,105552.0,104716.5,504.23
1738263600000,105541.3,105682.0,105758.7,105200.0,295.52
1738267200000,105681.8,104862.8,105788.8,104800.0,628.50
1738270800000,104860.7,105013.9,105181.8,104752.7,345.51
1738274400000,105013.9,105063.8,105320.9,104940.2,160.16
1738278000000,105063.8,104701.4,105230.0,104655.3,285.92
1738281600000,104701.2,104868.6,104991.0,104375.7,666.63
1738285200000,104868.6,104705.7,104888.4,104388.9,390.33
1738288800000,104706.0,104310.5,104832.8,104228.1,444.64
1738292400000,104310.7,104299.5,104355.5,103900.0,671.53
1738296000000,104299.3,103984.0,104523.6,103933.4,488.50
1738299600000,103984.0,104284.4,104460.2,103980.2,348.18
1738303200000,104284.2,104480.4,104720.0,104242.3,384.99
1738306800000,104480.4,104164.1,104778.8,104004.0,615.46
1738310400000,104164.1,103989.1,104299.4,103988.0,536.76
1738314000000,103988.9,104227.0,104290.0,103895.0,351.00
1738317600000,104227.2,104255.8,104416.0,104040.0,278.79
1738321200000,104255.7,104694.7,104832.1,104254.3,705.84
1738324800000,104697.1,104676.8,104897.1,104535.5,365.33
1738328400000,104676.8,104634.0,104993.5,104523.3,560.02
1738332000000,104634.0,104419.0,104838.8,104074.7,735.26
1738335600000,104418.8,105427.4,106000.0,104418.8,1781.64
1738339200000,105422.6,105052.9,105555.0,104687.5,999.10
1738342800000,105052.7,104551.1,105056.8,104504.4,614.75
1738346400000,104551.1,102616.3,104795.4,102572.3,2040.52
1738350000000,102614.6,102273.8,102991.3,102095.2,1357.46
1738353600000,102273.8,101645.7,102313.6,101577.0,1421.86
1738357200000,101645.5,102100.0,102111.2,101503.1,780.39
1738360800000,102100.2,102223.0,102444.0,101875.0,517.96
1738364400000,102223.0,102397.1,102400.0,101911.1,236.60
1738368000000,102397.1,102456.4,102529.9,102162.0,332.66
1738371600000,102456.4,102531.1,102733.0,102415.0,328.41
1738375200000,102531.1,102417.5,102740.0,102359.0,279.48
1738378800000,102417.5,102202.2,102479.5,102154.0,265.97
1738382400000,102202.2,102275.6,102449.3,102090.0,310.92
1738386000000,102275.8,102453.7,102544.1,102201.9,195.81
1738389600000,102453.9,102372.0,102535.0,102134.3,173.58
1738393200000,102372.2,102143.4,102455.3,102141.9,203.82
1738396800000,102142.3,101985.7,102262.2,101801.9,406.16
1738400400000,101985.3,101646.8,101985.8,101380.0,619.21
1738404000000,101647.0,101600.1,101948.5,101600.0,437.08
1738407600000,101600.1,101991.9,102023.6,101600.0,245.42
1738411200000,101992.1,102233.9,102274.5,101966.1,378.11
1738414800000,102233.9,101837.8,102245.0,101784.4,329.95
1738418400000,101839.9,101801.7,102141.0,101778.5,329.29
1738422000000,101800.1,102045.1,102147.5,101693.2,457.74
1738425600000,102044.9,101868.5,102195.9,101837.5,244.31
1738429200000,101866.7,102214.5,102261.4,101866.7,451.94
1738432800000,102214.7,101968.9,102242.8,101932.1,156.42
1738436400000,101969.1,101641.2,101999.4,101406.1,505.06
1738440000000,101639.2,101302.4,101641.3,100931.4,907.77
1738443600000,101302.6,101161.5,101545.1,100964.0,455.69
1738447200000,101160.1,100621.9,101394.3,100463.0,846.93
1738450800000,100621.9,100604.8,100837.7,100227.3,885.52
1738454400000,100604.6,101212.8,101256.2,100460.8,539.18
1738458000000,101212.8,101220.7,101435.9,101132.1,252.88
1738461600000,101220.5,100416.4,101244.0,100383.2,446.47
1738465200000,100417.2,99175.4,100736.2,99128.6,1899.43
1738468800000,99177.1,99505.6,99841.7,99001.0,945.77
1738472400000,99505.6,100219.5,100353.3,99455.5,624.01
1738476000000,100219.6,100237.0,100465.6,100062.4,422.96
1738479600000,100237.7,99599.9,100244.3,99567.5,635.79
1738483200000,99599.9,99794.0,100079.8,99291.7,613.87
1738486800000,99793.8,99630.0,99812.7,99311.0,435.22
1738490400000,99629.8,99380.4,99631.1,99207.1,517.06
1738494000000,99378.3,98836.1,99566.4,98600.0,1205.11
1738497600000,98836.1,98147.6,99132.1,98125.0,1113.87
1738501200000,98147.6,98773.9,98799.6,98130.8,772.80
1738504800000,98773.7,99168.7,99391.2,98673.5,844.81
1738508400000,99171.6,99311.3,99381.0,98691.2,595.20
1738512000000,99311.3,98237.0,99330.5,98056.2,1009.18
1738515600000,98237.0,97214.2,98558.0,96974.3,2082.63
1738519200000,97219.3,97071.7,97910.5,96798.3,1598.03
1738522800000,97069.3,98241.7,98676.2,96830.4,1524.20
1738526400000,98239.6,97770.4,98600.6,97616.6,479.54
1738530000000,97770.4,96999.9,97950.0,96516.0,941.05
1738533600000,96997.9,97979.9,98007.8,96095.1,1389.32
1738537200000,97979.9,97670.8,97979.9,96519.0,1176.31
1738540800000,97670.6,96480.3,97757.0,95394.5,2657.42
1738544400000,96480.4,93345.7,96883.9,91878.6,4831.25
1738548000000,93346.1,93539.2,94976.0,91168.1,3471.50
1738551600000,93539.2,94016.0,94646.1,93400.0,875.62
1738555200000,94015.8,92765.9,94460.0,92629.0,1121.39
1738558800000,92765.8,94180.9,94248.0,92735.2,786.04
1738562400000,94181.1,93868.5,94576.5,93618.0,716.73
1738566000000,93868.5,95274.5,95359.2,93807.0,689.34
1738569600000,95274.3,95293.2,95578.8,94808.6,682.21
1738573200000,95293.2,95242.1,95901.4,95190.0,893.14
1738576800000,95242.2,95678.2,95697.3,94764.5,487.05
1738580400000,95678.0,95085.1,95681.1,94908.6,317.81
1738584000000,95084.2,94735.8,95584.7,94727.5,504.79
1738587600000,94735.8,94624.0,95362.4,94343.6,799.86
1738591200000,94623.8,96556.7,96666.0,94120.1,1870.07
1738594800000,96556.7,98820.9,99466.4,96141.3,2481.67
1738598400000,98820.7,98513.3,99020.1,98135.2,1020.68
1738602000000,98513.1,99159.2,99303.4,98006.3,846.19
1738605600000,99161.0,99783.2,99894.0,98904.8,838.65
1738609200000,99783.2,101859.7,101859.7,99550.3,1359.76
1738612800000,101853.8,101072.5,101917.0,100959.8,843.73
1738616400000,101055.3,101757.0,101932.2,100898.5,590.35
1738620000000,101774.2,101665.9,102469.9,101452.8,650.62
1738623600000,101666.0,101315.4,101805.5,101236.3,276.03
1738627200000,101315.6,101045.0,101638.4,101022.6,418.10
1738630800000,101044.9,101357.7,101678.0,100720.7,538.97
1738634400000,101357.7,100820.5,101418.3,100774.2,466.50
1738638000000,100820.5,100605.9,101013.7,100537.4,360.93
1738641600000,100606.1,100037.1,100749.6,99990.3,655.88
1738645200000,100037.4,98832.8,100082.3,98229.1,2055.95
1738648800000,98850.0,99340.5,99619.2,98796.7,764.39
1738652400000,99340.3,98424.2,99444.4,98300.4,556.46
1738656000000,98424.2,98266.9,98704.6,97823.0,829.21
1738659600000,98266.9,98319.6,98784.3,98230.4,433.36
1738663200000,98319.8,98755.1,98944.8,98318.1,359.00
1738666800000,98755.0,98932.9,99393.8,98720.1,590.10
1738670400000,98932.9,99327.2,99777.9,98932.9,622.58
1738674000000,99329.4,98988.5,99528.7,98934.2,372.58
1738677600000,98988.3,99955.4,100408.5,98554.4,1515.30
1738681200000,99955.6,99324.1,100206.6,98254.3,1440.52
1738684800000,99324.1,99033.8,99920.0,99015.9,553.00
1738688400000,99034.0,99151.5,99600.9,98805.4,542.13
1738692000000,99151.3,99388.2,99558.5,98756.0,306.87
1738695600000,99388.0,98838.1,100770.8,98765.3,1419.40
1738699200000,98836.7,98606.9,99400.0,97932.2,1724.74
1738702800000,98607.0,96475.3,98627.3,96384.8,1736.79
1738706400000,96476.6,97653.7,97916.9,96107.3,1167.48
1738710000000,97656.2,97725.4,98178.7,97443.3,481.51
1738713600000,97726.7,98234.5,98361.6,97676.0,508.08
1738717200000,98234.9,97816.9,98917.1,97662.7,708.57
1738720800000,97816.2,97965.7,98173.8,97113.0,795.46
1738724400000,97965.1,98017.8,98294.6,97750.0,251.87
1738728000000,98013.1,98019.2,98317.3,97872.7,343.84
1738731600000,98019.4,98128.1,98298.4,97677.3,393.60
1738735200000,98128.1,97637.5,98202.6,97526.5,431.35
1738738800000,97637.3,97831.0,97951.8,97335.0,601.22
1738742400000,97830.8,97597.7,98016.2,97544.9,285.84
1738746000000,97597.9,97383.0,97935.7,97228.0,500.45
1738749600000,97383.0,97713.1,98024.3,97343.7,445.00
1738753200000,97713.3,98184.4,98201.7,97690.0,492.27
1738756800000,98184.4,98038.7,98695.3,97982.4,808.79
1738760400000,98038.9,98581.9,98666.3,97934.8,611.83
1738764000000,98550.6,98271.3,99128.0,98100.0,967.41
1738767600000,98270.0,98083.0,98547.1,97739.3,842.64
1738771200000,98083.0,97947.5,98267.1,97306.0,788.83
1738774800000,97957.2,97520.3,98231.8,97311.8,496.01
1738778400000,97520.5,96690.5,97672.8,96474.1,789.28
1738782000000,96690.3,97348.8,97491.7,96458.6,508.36
1738785600000,97349.0,97286.7,97678.0,96856.8,459.82
1738789200000,97285.2,96892.9,97523.2,96741.8,350.84
1738792800000,96896.5,96433.7,97034.6,96256.0,551.56
1738796400000,96429.3,96580.1,96835.0,96120.0,488.25
1738800000000,96579.9,96791.4,96950.0,96395.9,884.82
1738803600000,96791.4,97132.0,97194.9,96602.5,407.96
1738807200000,97131.8,97325.0,97427.9,97073.9,318.68
1738810800000,97325.0,97323.7,97464.0,97042.7,250.86
1738814400000,97323.5,97592.5,97816.7,97250.0,423.96
1738818000000,97592.5,97799.2,97860.7,97561.4,266.40
1738821600000,97799.2,98354.0,98415.3,97678.2,688.09
1738825200000,98354.2,98182.1,98354.2,97982.2,521.47
1738828800000,98182.1,98105.3,98312.3,97905.7,389.43
1738832400000,98105.1,98577.9,98716.6,98090.0,902.34
1738836000000,98577.7,98994.6,99038.9,98577.5,696.92
1738839600000,98994.6,98843.6,99109.0,98367.6,850.48
1738843200000,98843.5,98329.9,99027.1,98258.8,718.90
1738846800000,98329.9,98585.1,98760.0,98147.4,906.23
1738850400000,98584.9,97808.4,98886.8,97760.1,1504.16
1738854000000,97808.4,97299.9,98031.0,96886.0,1555.34
1738857600000,97300.0,96552.6,97514.7,96368.5,1488.78
1738861200000,96552.6,96681.3,97164.6,96350.5,846.22
1738864800000,96681.3,96300.3,96815.8,95850.0,1220.13
1738868400000,96288.9,95963.8,96877.3,95656.0,1533.66
1738872000000,95963.8,96904.5,97061.8,95746.0,782.00
1738875600000,96904.4,96789.5,96925.0,96076.3,539.10
1738879200000,96789.7,96919.4,96919.4,96136.1,427.40
1738882800000,96920.0,96530.0,96938.4,96169.4,439.28
1738886400000,96532.1,96476.2,96900.0,96378.4,534.99
1738890000000,96476.2,97360.6,97791.9,96474.4,635.63
1738893600000,97362.2,97547.2,97604.4,97037.9,560.33
1738897200000,97547.0,97426.3,97737.9,97211.1,308.86
1738900800000,97426.3,97395.6,97842.5,97350.1,434.56
1738904400000,97395.8,97313.1,97512.7,97106.3,427.17
1738908000000,97315.0,96728.2,97343.3,96555.9,740.45
1738911600000,96728.0,96717.8,97184.0,96621.6,496.95
1738915200000,96717.8,96996.0,97245.2,96577.0,439.81
1738918800000,96995.3,97254.9,97363.1,96995.3,392.83
1738922400000,97255.1,97236.9,97462.6,97216.8,315.30
1738926000000,97237.1,97720.8,97729.0,97230.0,465.21
1738929600000,97720.1,97921.8,98004.5,97482.7,693.92
1738933200000,97924.0,98778.6,98827.3,97150.5,2294.60
1738936800000,98775.0,99696.9,100128.7,98639.2,2705.78
1738940400000,99696.7,98240.5,99696.9,97543.1,3759.37
1738944000000,98252.6,97803.9,98557.6,97624.2,1466.30
1738947600000,97803.7,97395.4,98133.5,97119.4,896.90
1738951200000,97395.4,97720.2,98341.2,97267.7,622.37
1738954800000,97720.2,96862.6,97798.5,96851.9,763.17
1738958400000,96862.6,95724.5,96905.3,95575.3,1257.34
1738962000000,95721.4,95960.8,96123.3,95662.9,599.02
1738965600000,95967.4,96023.9,96067.3,95600.0,343.19
1738969200000,96024.1,96461.9,96485.3,95822.9,426.62
1738972800000,96461.9,96622.2,96818.8,96300.0,404.31
1738976400000,96622.2,96491.7,96749.1,96340.1,254.36
1738980000000,96491.7,96733.2,96798.0,96370.0,247.55
1738983600000,96733.0,96672.4,96861.7,96509.5,282.84
1738987200000,96672.4,96284.5,96672.4,96189.2,265.36
1738990800000,96284.5,96184.8,96346.2,96031.1,293.85
1738994400000,96184.9,95969.1,96199.7,95873.3,274.36
1738998000000,95969.5,96174.7,96270.5,95744.1,474.43
1739001600000,96174.5,95869.5,96262.6,95866.5,276.08
1739005200000,95869.7,96140.2,96174.6,95869.5,201.26
1739008800000,96140.4,96011.9,96269.2,95976.5,243.24
1739012400000,96011.7,96095.5,96099.1,95826.4,225.25
1739016000000,96095.3,96032.4,96236.1,95877.1,307.65
1739019600000,96032.6,96211.9,96466.1,95979.6,456.15
1739023200000,96211.9,96065.7,96342.6,95915.9,536.48
1739026800000,96065.6,95818.8,96177.0,95644.1,490.53
1739030400000,95819.0,96102.5,96113.3,95714.5,470.79
1739034000000,96101.0,96337.0,96368.8,96099.9,558.89
1739037600000,96336.8,96479.4,96500.6,96202.2,284.16
1739041200000,96479.4,96558.0,96727.1,96359.9,452.52
1739044800000,96558.0,96436.3,96611.1,96333.5,227.35
1739048400000,96436.1,96508.8,96584.8,96322.3,163.07
1739052000000,96508.7,96451.1,96689.9,96350.9,163.40
1739055600000,96451.1,96422.8,96663.0,96400.6,179.20
1739059200000,96422.8,96534.8,96566.1,96327.5,313.15
1739062800000,96534.8,96947.1,96969.6,96460.0,634.73
1739066400000,96946.6,96697.3,97032.7,96653.4,421.70
1739070000000,96697.5,97287.6,97296.2,96675.0,752.02
1739073600000,97287.8,97192.3,97299.4,96945.0,536.64
1739077200000,97192.5,97001.9,97205.4,96972.5,216.35
1739080800000,97001.9,96974.5,97047.4,96743.6,348.89
1739084400000,96974.5,97032.3,97091.9,96892.7,190.41
1739088000000,97032.3,97048.2,97278.2,97020.6,408.06
1739091600000,97048.2,96900.5,97058.7,96871.5,285.51
1739095200000,96900.3,96744.4,96900.5,96625.6,564.75
1739098800000,96744.4,96531.6,97010.9,96512.1,509.49
1739102400000,96531.6,96509.3,96683.3,96357.0,523.68
1739106000000,96509.3,95858.4,96526.7,95799.0,1086.08
1739109600000,95858.4,96100.5,96269.0,95666.8,964.96
1739113200000,96091.5,96458.3,96641.0,96083.6,788.39
1739116800000,96458.5,96420.8,96528.6,96291.3,318.35
1739120400000,96420.8,96142.3,96557.2,95911.4,504.63
1739124000000,96142.3,96180.0,96263.3,95956.5,259.12
1739127600000,96179.9,96029.4,96259.9,95856.1,338.23
1739131200000,96029.4,96294.1,96743.9,96011.4,1030.60
1739134800000,96294.3,95136.0,96323.3,94671.0,1905.48
1739138400000,95136.0,95794.1,96425.2,94737.7,1363.84
1739142000000,95794.3,96439.6,96555.8,95700.0,606.60
1739145600000,96439.0,96695.4,97119.4,96425.0,971.29
1739149200000,96695.4,95561.0,96810.0,95219.8,1375.93
1739152800000,95560.8,95778.8,96050.0,95387.0,880.35
1739156400000,95782.0,96784.6,97057.2,95753.9,1458.03
1739160000000,96784.6,96915.0,97219.4,96597.0,1089.16
1739163600000,96914.8,96991.8,97627.7,96747.8,1300.06
1739167200000,96998.5,97122.2,97185.9,96766.1,645.75
1739170800000,97122.3,97411.3,97460.0,97081.7,448.23
1739174400000,97411.3,97659.8,97885.8,97317.8,831.36
1739178000000,97659.8,97646.4,97834.9,97444.0,525.04
1739181600000,97646.4,97716.1,97941.7,97571.1,540.33
1739185200000,97715.9,97641.2,97880.0,97592.8,388.54
1739188800000,97641.2,97342.0,97768.0,97159.9,616.63
1739192400000,97341.8,98194.6,98330.0,97335.9,1017.51
1739196000000,98192.4,97256.4,98297.2,97047.9,1417.02
1739199600000,97256.2,97204.0,97550.0,96831.6,822.18
1739203200000,97203.8,97279.1,97386.1,96853.0,697.54
1739206800000,97279.3,97471.3,97499.8,96860.8,516.20
1739210400000,97470.6,97536.0,97537.2,97151.3,305.83
1739214000000,97536.0,97352.5,97621.2,97220.7,300.29
1739217600000,97352.7,97310.6,97463.3,97197.1,198.89
1739221200000,97310.6,97358.8,97365.3,97103.6,267.59
1739224800000,97358.8,97354.9,97479.7,97248.0,207.41
1739228400000,97354.7,97393.6,97425.0,97211.0,186.57
1739232000000,97393.6,97754.8,98118.0,97390.0,851.25
1739235600000,97755.0,97973.4,98076.0,97745.1,415.36
1739239200000,97973.4,97743.4,98085.1,97442.3,558.57
1739242800000,97743.2,97592.0,97745.7,97454.4,253.50
1739246400000,97590.1,98036.3,98169.8,97525.0,747.26
1739250000000,98036.3,98394.1,98467.1,97977.0,786.73
1739253600000,98395.0,98402.2,98460.0,98105.0,562.64
1739257200000,98400.1,98245.8,98462.3,98234.1,346.62
1739260800000,98245.6,98199.7,98315.6,98087.3,357.55
1739264400000,98199.9,97973.1,98287.7,97882.1,504.41
1739268000000,97969.0,97928.4,98107.1,97854.3,341.38
1739271600000,97928.4,98109.6,98205.1,97842.0,358.89
1739275200000,98109.4,97732.5,98122.4,97632.9,735.94
1739278800000,97732.5,96767.9,97812.0,96641.0,1699.74
1739282400000,96762.5,96930.1,97272.9,96555.0,1473.18
1739286000000,96931.9,96988.8,97219.1,96590.5,1149.34
1739289600000,96989.0,96341.9,97018.0,96274.1,1289.23
1739293200000,96342.1,96134.6,96361.3,95934.8,1011.99
1739296800000,96134.6,95436.8,96141.8,95377.3,1463.45
1739300400000,95443.9,95000.0,95640.1,94837.8,1365.12
1739304000000,95000.1,95278.4,95407.9,94872.9,730.00
1739307600000,95278.5,96357.6,96420.8,95228.4,1072.65
1739311200000,96357.8,95555.5,96469.8,95315.6,923.03
1739314800000,95555.8,95754.6,95940.8,95476.0,474.78
1739318400000,95754.6,96030.0,96094.9,95644.7,542.89
1739322000000,96029.8,96189.4,96247.8,95789.4,407.98
1739325600000,96189.6,95551.3,96199.5,95356.0,464.88
1739329200000,95551.3,95271.6,95744.0,95062.6,940.86
1739332800000,95271.8,95526.4,95589.3,95236.8,379.73
1739336400000,95533.8,95866.3,95911.8,95473.8,436.21
1739340000000,95866.5,95800.1,95929.9,95657.8,369.67
1739343600000,95800.3,96050.0,96143.0,95774.0,537.61
1739347200000,96042.3,96336.9,96440.1,96000.0,595.89
1739350800000,96336.9,96115.2,96356.9,96016.1,439.22
1739354400000,96115.0,95958.1,96179.8,95883.7,396.55
1739358000000,95958.3,96073.4,96369.7,95958.1,398.41
1739361600000,96073.4,95961.0,96325.0,95915.8,389.71
1739365200000,95961.0,94918.0,96639.7,94019.7,4792.47
1739368800000,94918.0,95603.7,95664.1,94434.3,1915.35
1739372400000,95603.7,95778.7,95984.9,94698.5,1825.23
1739376000000,95778.5,96950.0,97079.3,95088.1,1961.78
1739379600000,96951.8,97337.3,97680.0,96744.4,1974.10
1739383200000,97337.7,96890.2,97420.0,96590.1,652.88
1739386800000,96890.2,97174.9,97252.7,96318.9,821.32
1739390400000,97173.9,97006.6,97615.4,96897.0,673.78
1739394000000,97010.5,97622.2,97898.7,96830.6,701.41
1739397600000,97622.4,97791.4,98107.7,97386.4,1305.32
1739401200000,97789.1,97846.0,97994.3,97567.0,476.31
1739404800000,97844.8,97800.6,97845.9,97521.0,443.02
1739408400000,97800.8,97959.8,98063.9,97720.1,365.29
1739412000000,97959.8,97453.5,97975.2,97343.1,469.44
1739415600000,97454.7,97478.2,97613.2,97426.0,218.20
1739419200000,97478.2,96921.4,97541.9,96735.4,783.49
1739422800000,96921.5,96643.5,96931.1,96494.9,786.57
1739426400000,96643.5,96024.2,96736.5,95783.9,1184.55
1739430000000,96024.0,96038.6,96215.8,95887.2,537.89
1739433600000,96038.8,95914.2,96152.0,95701.0,664.92
1739437200000,95914.2,96228.2,96266.8,95757.7,521.20
1739440800000,96228.2,96140.2,96310.9,96098.9,268.87
1739444400000,96140.0,95904.6,96250.0,95543.0,748.70
1739448000000,95904.6,95792.3,96045.3,95656.4,581.27
1739451600000,95792.3,96028.9,96244.0,95629.9,1037.17
1739455200000,96029.0,95832.8,96070.4,95301.9,1190.58
1739458800000,95832.8,95963.2,96464.1,95521.7,1250.96
1739462400000,95963.0,95329.9,95966.9,95190.0,1038.05
1739466000000,95327.8,95665.0,95985.5,95285.8,535.73
1739469600000,95663.2,95951.6,95970.3,95315.1,592.91
1739473200000,95951.6,95598.0,96347.1,95556.6,738.58
1739476800000,95598.0,96243.4,96270.0,95570.5,542.68
1739480400000,96242.9,96452.3,96751.0,96227.5,717.80
1739484000000,96449.5,96386.3,96580.9,96239.7,455.45
1739487600000,96386.3,96580.8,96606.5,96293.2,510.45
1739491200000,96580.6,96729.8,96944.0,96510.9,762.69
1739494800000,96729.6,96515.5,96878.9,96356.8,519.48
1739498400000,96515.5,96512.8,96790.0,96426.3,368.52
1739502000000,96512.9,97114.3,97185.0,96512.9,432.01
